Workbook

Sheet Лист ответов
B2: № | C2: ЗАДАНИЕ | D2: ОТВЕТ | F2: СТАТУС
A3: 1 | B3: 1 | C3: Вычислите общую сумму начислений для всех абонентов в тенге | D3: =SUM('База данных'!$D$2:$D$624) -> 3899.58 | F3: =IF(ISERROR(IF(ROUND(D3,2)=ROUND(O3,2),"Правильный ответ","Неправильный ответ")),"Неправильный ответ",IF(ROUND(D3,2)=ROUND(O3,2),"Правильный ответ","Неправильный ответ")) -> Правильный ответ | O3: 3899.58
A4: 2 | B4: =IF(C4="","",A4) -> 2 | C4: =IF(F3="Правильный ответ","Вычислите общую продолжительность разговоров для всех абонентов в секундах","") -> Вычислите общую продолжительность разговоров для всех абонентов в секундах | D4: =SUM('База данных'!$E$2:$E$624) -> 7883 | F4: =IF(ISERROR(IF(D4=D4,"Правильный ответ","Неправильный ответ")),"Неправильный ответ",IF(D4=O4,"Правильный ответ","Неправильный ответ")) -> Правильный ответ | O4: 7883
A5: 3 | B5: =IF(C5="","",A5) -> 3 | C5: =IF(F4="Правильный ответ","Вычислите общее количество звонков всех абонентов (одна строка = один звонок)","") -> Вычислите общее количество звонков всех абонентов (одна строка = один звонок) | D5: =COUNTA('База данных'!$A$2:$A$624) -> 623 | F5: =IF(ISERROR(IF(D5=D5,"Правильный ответ","Неправильный ответ")),"Неправильный ответ",IF(D5=O5,"Правильный ответ","Неправильный ответ")) -> Правильный ответ | O5: 623
A6: 4 | B6: =IF(C6="","",A6) -> 4 | C6: =IF(F5="Правильный ответ","Вычислите общую продолжительность разговоров для всех абонентов в минутах, округлив значение до десятичного знака (математическое округление)","") -> Вычислите общую продолжительность разговоров для всех абонентов в минутах, округлив значение до десятичного знака (математическое округление) | D6: =ROUND(SUM('База данных'!$E$2:$E$624)/60,1) -> 131.4 | F6: =IF(ISERROR(IF(D6=D6,"Правильный ответ","Неправильный ответ")),"Неправильный ответ",IF(D6=O6,"Правильный ответ","Неправильный ответ")) -> Правильный ответ | O6: 131.4
A7: 5 | B7: =IF(C7="","",A7) -> 5 | C7: =IF(F6="Правильный ответ","Вычислите сумму начислений для звонков внутри сети","") -> Вычислите сумму начислений для звонков внутри сети | D7: =SUMIF('База данных'!$C$2:$C$624,"Внутри сети",'База данных'!$D$2:$D$624) -> 3172.39 | F7: =IF(ISERROR(IF(ROUND(D7,2)=ROUND(O7,2),"Правильный ответ","Неправильный ответ")),"Неправильный ответ",IF(ROUND(D7,2)=ROUND(O7,2),"Правильный ответ","Неправильный ответ")) -> Правильный ответ | O7: 3172.39
A8: 6 | B8: =IF(C8="","",A8) -> 6 | C8: =IF(F7="Правильный ответ","Вычислите продолжительность разговоров на других операторов в секундах","") -> Вычислите продолжительность разговоров на других операторов в секундах | D8: =SUMIF('База данных'!$C$2:$C$624,"На других операторов",'База данных'!$E$2:$E$624) -> 362 | F8: =IF(ISERROR(IF(D8=D8,"Правильный ответ","Неправильный ответ")),"Неправильный ответ",IF(D8=O8,"Правильный ответ","Неправильный ответ")) -> Правильный ответ | O8: 362
A9: 7 | B9: =IF(C9="","",A9) -> 7 | C9: =IF(F8="Правильный ответ","Вычислите общее количество звонков на тарифном плане 2 (одна строка = один звонок)","") -> Вычислите общее количество звонков на тарифном плане 2 (одна строка = один звонок) | D9: =COUNTIF('База данных'!$B$2:$B$624,2) -> 66 | F9: =IF(ISERROR(IF(D9=D9,"Правильный ответ","Неправильный ответ")),"Неправильный ответ",IF(D9=O9,"Правильный ответ","Неправильный ответ")) -> Правильный ответ | O9: 66
A10: 8 | B10: =IF(C10="","",A10) -> 8 | C10: =IF(F9="Правильный ответ","Вычислите среднюю стоимость одной минуты разговора всех абонентов по всем направлениям и округлите ее до сотых (математическое округление)","") -> Вычислите среднюю стоимость одной минуты разговора всех абонентов по всем направлениям и округлите ее до сотых (математическое округление) | D10: =ROUND(SUM('База данных'!$D$2:$D$624)/(SUM('База данных'!$E$2:$E$624)/60),2) -> 29.68 | F10: =IF(ISERROR(IF(D10=D10,"Правильный ответ","Неправильный ответ")),"Неправильный ответ",IF(D10=O10,"Правильный ответ","Неправильный ответ")) -> Правильный ответ | O10: 29.68
A11: 9 | B11: =IF(C11="","",A11) -> 9 | C11: =IF(F10="Правильный ответ","Вычислите среднюю продолжительность одного звонка всех абонентов по всем направлениям в секундах и округлите ее до целого числа (математическое округление)","") -> Вычислите среднюю продолжительность одного звонка всех абонентов по всем направлениям в секундах и округлите ее до целого числа (математическое округление) | D11: =ROUND(AVERAGE('База данных'!$E$2:$E$624),0) -> 13 | F11: =IF(ISERROR(IF(D11=D11,"Правильный ответ","Неправильный ответ")),"Неправильный ответ",IF(D11=O11,"Правильный ответ","Неправильный ответ")) -> Правильный ответ | O11: 13
A12: 10 | B12: =IF(C12="","",A12) -> 10 | C12: =IF(F11="Правильный ответ","Вычислите сумму продолжительности разговоров в секундах на городской для тарифного плана 5","") -> Вычислите сумму продолжительности разговоров в секундах на городской для тарифного плана 5 | D12: =SUMIFS('База данных'!$E$2:$E$624,'База данных'!$C$2:$C$624,"На городской",'База данных'!$B$2:$B$624,5) -> 33 | F12: =IF(ISERROR(IF(D12=D12,"Правильный ответ","Неправильный ответ")),"Неправильный ответ",IF(D12=O12,"Правильный ответ","Неправильный ответ")) -> Правильный ответ | O12: 33
A13: 11 | B13: =IF(C13="","",A13) -> 11 | C13: =IF(F12="Правильный ответ","Вычислите количество звонков на межнар для тарифного плана 1","") -> Вычислите количество звонков на межнар для тарифного плана 1 | D13: =COUNTIFS('База данных'!$C$2:$C$624,"На межнар",'База данных'!$B$2:$B$624,1) -> 6 | F13: =IF(ISERROR(IF(D13=D13,"Правильный ответ","Неправильный ответ")),"Неправильный ответ",IF(D13=O13,"Правильный ответ","Неправильный ответ")) -> Правильный ответ | O13: 6
A14: 12 | B14: =IF(C14="","",A14) -> 12 | C14: =IF(F13="Правильный ответ","Вычислите долю продолжительности внутрисетевых звонков от всех звонков. Округлите до сотых в процентах","") -> Вычислите долю продолжительности внутрисетевых звонков от всех звонков. Округлите до сотых в процентах | D14: =ROUND(SUMIF('База данных'!$C$2:$C$624,"Внутри сети",'База данных'!$E$2:$E$624)/SUM('База данных'!$E$2:$E$624),4) -> 0.9155 | F14: =IF(ISERROR(IF(D14=D14,"Правильный ответ","Неправильный ответ")),"Неправильный ответ",IF(D14=O14,"Правильный ответ","Неправильный ответ")) -> Правильный ответ | O14: 0.9155
A15: 13 | B15: =IF(C15="","",A15) -> 13 | C15: =IF(F14="Правильный ответ","Вычислите долю начислений тарифного плана 1 от общих начислений по всем тарифам. Округлите до сотых в процентах","") -> Вычислите долю начислений тарифного плана 1 от общих начислений по всем тарифам. Округлите до сотых в процентах | D15: =ROUND(SUMIF('База данных'!$B$2:$B$624,1,'База данных'!$D$2:$D$624)/SUM('База данных'!$D$2:$D$624),4) -> 0.3642 | F15: =IF(ISERROR(IF(D15=D15,"Правильный ответ","Неправильный ответ")),"Неправильный ответ",IF(D15=O15,"Правильный ответ","Неправильный ответ")) -> Правильный ответ | O15: 0.3642
A16: 14 | B16: =IF(C16="","",A16) -> 14 | C16: =IF(F15="Правильный ответ","Вычислите общее количество уникальных абонентов","") -> Вычислите общее количество уникальных абонентов | D16: =ROUND(SUMPRODUCT(1/COUNTIF('База данных'!$A$2:$A$624,'База данных'!$A$2:$A$624)),0) -> 292 | F16: =IF(ISERROR(IF(D16=D16,"Правильный ответ","Неправильный ответ")),"Неправильный ответ",IF(D16=O16,"Правильный ответ","Неправильный ответ")) -> Правильный ответ | O16: 292
A17: 15 | B17: =IF(C17="","",A17) -> 15 | C17: =IF(F16="Правильный ответ","Укажите общее количество уникальных пользователей внутрисетевых звонков","") -> Укажите общее количество уникальных пользователей внутрисетевых звонков | D17: =ROUND(SUMPRODUCT(('База данных'!$C$2:$C$624="Внутри сети")/COUNTIFS('База данных'!$A$2:$A$624,'База данных'!$A$2:$A$624,'База данных'!$C$2:$C$624,'База данных'!$C$2:$C$624)),0) -> 290 | F17: =IF(ISERROR(IF(D17=D17,"Правильный ответ","Неправильный ответ")),"Неправильный ответ",IF(D17=O17,"Правильный ответ","Неправильный ответ")) -> Правильный ответ | O17: 290
A18: 16 | B18: =IF(C18="","",A18) -> 16 | C18: =IF(F17="Правильный ответ","Укажите общее количество уникальных абонентов на тарифном плане 6","") -> Укажите общее количество уникальных абонентов на тарифном плане 6 | D18: =ROUND(SUMPRODUCT(('База данных'!$B$2:$B$624=6)/COUNTIFS('База данных'!$A$2:$A$624,'База данных'!$A$2:$A$624,'База данных'!$B$2:$B$624,'База данных'!$B$2:$B$624)),0) -> 63 | F18: =IF(ISERROR(IF(D18=D18,"Правильный ответ","Неправильный ответ")),"Неправильный ответ",IF(D18=O18,"Правильный ответ","Неправильный ответ")) -> Правильный ответ | O18: 63
A19: 17 | B19: =IF(C19="","",A19) -> 17 | C19: =IF(F18="Правильный ответ","Вычислите долю уникальных абонентов тарифного плана 2 от общего количества уникальных абонентов по всем тарифам. Округлите до сотых","") -> Вычислите долю уникальных абонентов тарифного плана 2 от общего количества уникальных абонентов по всем тарифам. Округлите до сотых | D19: =ROUND(ROUND(SUMPRODUCT(('База данных'!$B$2:$B$624=2)/COUNTIFS('База данных'!$A$2:$A$624,'База данных'!$A$2:$A$624,'База данных'!$B$2:$B$624,'База данных'!$B$2:$B$624)),0)/ROUND(SUMPRODUCT(1/COUNTIF('База данных'!$A$2:$A$624,'База данных'!$A$2:$A$624)),0),4) -> 0.1096 | F19: =IF(ISERROR(IF(D19=D19,"Правильный ответ","Неправильный ответ")),"Неправильный ответ",IF(D19=O19,"Правильный ответ","Неправильный ответ")) -> Правильный ответ | O19: 0.1096
A20: 18 | B20: =IF(C20="","",A20) -> 18 | C20: =IF(F19="Правильный ответ","Рассчитайте средние начисления в тенге на одного уникального абонента, округлите значение до сотых","") -> Рассчитайте средние начисления в тенге на одного уникального абонента, округлите значение до сотых | D20: =ROUND(SUM('База данных'!$D$2:$D$624)/ROUND(SUMPRODUCT(1/COUNTIF('База данных'!$A$2:$A$624,'База данных'!$A$2:$A$624)),0),2) -> 13.35 | F20: =IF(ISERROR(IF(D20=D20,"Правильный ответ","Неправильный ответ")),"Неправильный ответ",IF(D20=O20,"Правильный ответ","Неправильный ответ")) -> Правильный ответ | O20: 13.35
A21: 19 | B21: =IF(C21="","",A21) -> 19 | C21: =IF(F20="Правильный ответ","Рассчитайте среднюю продолжительность разговоров одного уникального абонента в минутах, округлите значение до десятых","") -> Рассчитайте среднюю продолжительность разговоров одного уникального абонента в минутах, округлите значение до десятых | D21: =ROUND(SUM('База данных'!$E$2:$E$624)/60/ROUND(SUMPRODUCT(1/COUNTIF('База данных'!$A$2:$A$624,'База данных'!$A$2:$A$624)),0),1) -> 0.4 | F21: =IF(ISERROR(IF(D21=D21,"Правильный ответ","Неправильный ответ")),"Неправильный ответ",IF(D21=O21,"Правильный ответ","Неправильный ответ")) -> Правильный ответ | O21: 0.4
A22: 20 | B22: =IF(C22="","",A22) -> 20 | C22: =IF(F21="Правильный ответ","Укажите продолжительность разговоров на тарифном плане, на котором сидит абонент 77010000055","") -> Укажите продолжительность разговоров на тарифном плане, на котором сидит абонент 77010000055 | D22: =SUMIF('База данных'!$B$2:$B$624,INDEX('База данных'!$B$2:$B$624,MATCH(77010000055,'База данных'!$A$2:$A$624,0)),'База данных'!$E$2:$E$624) -> 2705 | F22: =IF(ISERROR(IF(D22=D22,"Правильный ответ","Неправильный ответ")),"Неправильный ответ",IF(D22=O22,"Правильный ответ","Неправильный ответ")) -> Правильный ответ | O22: 2705
A23: 21 | B23: =IF(C23="","",A23) -> 21 | C23: =IF(F22="Правильный ответ","Укажите абонента, у которого наибольшее начисление","") -> Укажите абонента, у которого наибольшее начисление | D23: =INDEX('Расчёт по абонентам'!$A$2:$A$293,MATCH(MAX('Расчёт по абонентам'!$C$2:$C$293),'Расчёт по абонентам'!$C$2:$C$293,0)) -> 77010000109 | F23: =IF(ISERROR(IF(D23=D23,"Правильный ответ","Неправильный ответ")),"Неправильный ответ",IF(D23=O23,"Правильный ответ","Неправильный ответ")) -> Правильный ответ | O23: 77010000109
A24: 22 | B24: =IF(C24="","",A24) -> 22 | C24: =IF(F23="Правильный ответ","Укажите абонента, у которого наибольшая продолжительность разговоров на тарифном плане 5","") -> Укажите абонента, у которого наибольшая продолжительность разговоров на тарифном плане 5 | D24: =INDEX('Расчёт по абонентам'!$A$2:$A$293,MATCH(MAX('Расчёт по абонентам'!$E$2:$E$293),'Расчёт по абонентам'!$E$2:$E$293,0)) -> 77010000211 | F24: =IF(ISERROR(IF(D24=D24,"Правильный ответ","Неправильный ответ")),"Неправильный ответ",IF(D24=O24,"Правильный ответ","Неправильный ответ")) -> Правильный ответ | O24: 77010000211
A25: 23 | B25: =IF(C25="","",A25) -> 23 | C25: =IF(F24="Правильный ответ","Укажите абонента, который на 7 месте по общей сумме начислений","") -> Укажите абонента, который на 7 месте по общей сумме начислений | D25: =INDEX('Расчёт по абонентам'!$A$2:$A$293,MATCH(LARGE('Расчёт по абонентам'!$C$2:$C$293,7),'Расчёт по абонентам'!$C$2:$C$293,0)) -> 77010000133 | F25: =IF(ISERROR(IF(D25=D25,"Правильный ответ","Неправильный ответ")),"Неправильный ответ",IF(D25=O25,"Правильный ответ","Неправильный ответ")) -> Правильный ответ | O25: 77010000133
A26: 24 | B26: =IF(C26="","",A26) -> 24 | C26: =IF(F25="Правильный ответ","Какое направление не используется абонентами тарифного плана 6 (ответов может быть несколько, вписывать через запятую)","") -> Какое направление не используется абонентами тарифного плана 6 (ответов может быть несколько, вписывать через запятую) | D26: =MID(IF(COUNTIFS('База данных'!$B$2:$B$624,6,'База данных'!$C$2:$C$624,"Внутри сети")=0,", Внутри сети","")&IF(COUNTIFS('База данных'!$B$2:$B$624,6,'База данных'!$C$2:$C$624,"На других операторов")=0,", На других операторов","")&IF(COUNTIFS('База данных'!$B$2:$B$624,6,'База данных'!$C$2:$C$624,"На городской")=0,", На городской","")&IF(COUNTIFS('База данных'!$B$2:$B$624,6,'База данных'!$C$2:$C$624,"На межнар")=0,", На межнар","")&IF(COUNTIFS('База данных'!$B$2:$B$624,6,'База данных'!$C$2:$C$624,"Другое")=0,", Другое",""),3,200) -> На городской, Другое | F26: =IF(ISERROR(IF(OR(UPPER(TRIM(LEFT(D26,SEARCH(",",D26,1)-1)))&","&UPPER(TRIM(RIGHT(D26,LEN(D26)-SEARCH(",",D26,1))))=O26&","&P26,UPPER(TRIM(LEFT(D26,SEARCH(",",D26,1)-1)))&","&UPPER(TRIM(RIGHT(D26,LEN(D26)-SEARCH(",",D26,1))))=P26&","&O26),"Правильный ответ","Неправильный ответ")),"Неправильный ответ",IF(OR(UPPER(TRIM(LEFT(D26,SEARCH(",",D26,1)-1)))&","&UPPER(TRIM(RIGHT(D26,LEN(D26)-SEARCH(",",D26,1))))=O26&","&P26,UPPER(TRIM(LEFT(D26,SEARCH(",",D26,1)-1)))&","&UPPER(TRIM(RIGHT(D26,LEN(D26)-SEARCH(",",D26,1))))=P26&","&O26),"Правильный ответ","Неправильный ответ")) -> Правильный ответ | O26: НА ГОРОДСКОЙ | P26: ДРУГОЕ
C27: =IF(F26="Правильный ответ","Тест пройден. Поздравляем!","") -> Тест пройден. Поздравляем!

Sheet База данных
A1: Абонент | B1: Тарифный план | C1: Направление звонка | D1: Начисления, тенге | E1: Продолжительность разговора, секунды
A2: 77010000068 | B2: 1 | C2: Внутри сети | D2: 0 | E2: 0
A3: 77010000001 | B3: 1 | C3: Внутри сети | D3: 0.43 | E3: 1
A4: 77010000003 | B4: 1 | C4: Внутри сети | D4: 0.43 | E4: 1
A5: 77010000004 | B5: 1 | C5: Внутри сети | D5: 0.43 | E5: 1
A6: 77010000008 | B6: 1 | C6: Внутри сети | D6: 0.43 | E6: 1
A7: 77010000052 | B7: 1 | C7: Внутри сети | D7: 0.43 | E7: 1
A8: 77010000060 | B8: 1 | C8: Внутри сети | D8: 0.43 | E8: 1
A9: 77010000046 | B9: 1 | C9: Внутри сети | D9: 0.43 | E9: 1
A10: 77010000054 | B10: 1 | C10: Внутри сети | D10: 0.43 | E10: 1
A11: 77010000062 | B11: 1 | C11: Внутри сети | D11: 0.43 | E11: 1
A12: 77010000065 | B12: 1 | C12: Внутри сети | D12: 0.43 | E12: 1
A13: 77010000066 | B13: 1 | C13: Внутри сети | D13: 0.43 | E13: 1
... A624: 77010000246 | B624: 6 | C624: На других операторов | D624: 22.3 | E624: 24

Sheet Расчёт по абонентам
A1: Абонент | B1: Тарифный план | C1: Начисления, тенге | D1: Продолжительность, сек | E1: Продолжительность на ТП 5, сек | F1: Место по начислениям | H1: Список абонентов — уникальные значения столбца «Абонент» листа «База данных», для заданий 21-23
A2: 77010000001 | B2: =INDEX('База данных'!$B$2:$B$624,MATCH(A2,'База данных'!$A$2:$A$624,0)) -> 1 | C2: =SUMIF('База данных'!$A$2:$A$624,A2,'База данных'!$D$2:$D$624) -> 16.15 | D2: =SUMIF('База данных'!$A$2:$A$624,A2,'База данных'!$E$2:$E$624) -> 20 | E2: =IF(B2=5,D2,"") | F2: =RANK(C2,$C$2:$C$293) -> 80
A3: 77010000002 | B3: =INDEX('База данных'!$B$2:$B$624,MATCH(A3,'База данных'!$A$2:$A$624,0)) -> 1 | C3: =SUMIF('База данных'!$A$2:$A$624,A3,'База данных'!$D$2:$D$624) -> 6.82 | D3: =SUMIF('База данных'!$A$2:$A$624,A3,'База данных'!$E$2:$E$624) -> 16 | E3: =IF(B3=5,D3,"") | F3: =RANK(C3,$C$2:$C$293) -> 209
A4: 77010000003 | B4: =INDEX('База данных'!$B$2:$B$624,MATCH(A4,'База данных'!$A$2:$A$624,0)) -> 1 | C4: =SUMIF('База данных'!$A$2:$A$624,A4,'База данных'!$D$2:$D$624) -> 23.16 | D4: =SUMIF('База данных'!$A$2:$A$624,A4,'База данных'!$E$2:$E$624) -> 29 | E4: =IF(B4=5,D4,"") | F4: =RANK(C4,$C$2:$C$293) -> 40
A5: 77010000004 | B5: =INDEX('База данных'!$B$2:$B$624,MATCH(A5,'База данных'!$A$2:$A$624,0)) -> 1 | C5: =SUMIF('База данных'!$A$2:$A$624,A5,'База данных'!$D$2:$D$624) -> 8.95 | D5: =SUMIF('База данных'!$A$2:$A$624,A5,'База данных'!$E$2:$E$624) -> 21 | E5: =IF(B5=5,D5,"") | F5: =RANK(C5,$C$2:$C$293) -> 172
A6: 77010000005 | B6: =INDEX('База данных'!$B$2:$B$624,MATCH(A6,'База данных'!$A$2:$A$624,0)) -> 1 | C6: =SUMIF('База данных'!$A$2:$A$624,A6,'База данных'!$D$2:$D$624) -> 24.85 | D6: =SUMIF('База данных'!$A$2:$A$624,A6,'База данных'!$E$2:$E$624) -> 27 | E6: =IF(B6=5,D6,"") | F6: =RANK(C6,$C$2:$C$293) -> 34
A7: 77010000006 | B7: =INDEX('База данных'!$B$2:$B$624,MATCH(A7,'База данных'!$A$2:$A$624,0)) -> 1 | C7: =SUMIF('База данных'!$A$2:$A$624,A7,'База данных'!$D$2:$D$624) -> 5.54 | D7: =SUMIF('База данных'!$A$2:$A$624,A7,'База данных'!$E$2:$E$624) -> 20 | E7: =IF(B7=5,D7,"") | F7: =RANK(C7,$C$2:$C$293) -> 227
A8: 77010000007 | B8: =INDEX('База данных'!$B$2:$B$624,MATCH(A8,'База данных'!$A$2:$A$624,0)) -> 1 | C8: =SUMIF('База данных'!$A$2:$A$624,A8,'База данных'!$D$2:$D$624) -> 15.34 | D8: =SUMIF('База данных'!$A$2:$A$624,A8,'База данных'!$E$2:$E$624) -> 36 | E8: =IF(B8=5,D8,"") | F8: =RANK(C8,$C$2:$C$293) -> 90
A9: 77010000008 | B9: =INDEX('База данных'!$B$2:$B$624,MATCH(A9,'База данных'!$A$2:$A$624,0)) -> 1 | C9: =SUMIF('База данных'!$A$2:$A$624,A9,'База данных'!$D$2:$D$624) -> 15.73 | D9: =SUMIF('База данных'!$A$2:$A$624,A9,'База данных'!$E$2:$E$624) -> 19 | E9: =IF(B9=5,D9,"") | F9: =RANK(C9,$C$2:$C$293) -> 86
A10: 77010000009 | B10: =INDEX('База данных'!$B$2:$B$624,MATCH(A10,'База данных'!$A$2:$A$624,0)) -> 1 | C10: =SUMIF('База данных'!$A$2:$A$624,A10,'База данных'!$D$2:$D$624) -> 4.69 | D10: =SUMIF('База данных'!$A$2:$A$624,A10,'База данных'!$E$2:$E$624) -> 11 | E10: =IF(B10=5,D10,"") | F10: =RANK(C10,$C$2:$C$293) -> 236
A11: 77010000010 | B11: =INDEX('База данных'!$B$2:$B$624,MATCH(A11,'База данных'!$A$2:$A$624,0)) -> 1 | C11: =SUMIF('База данных'!$A$2:$A$624,A11,'База данных'!$D$2:$D$624) -> 9.37 | D11: =SUMIF('База данных'!$A$2:$A$624,A11,'База данных'!$E$2:$E$624) -> 22 | E11: =IF(B11=5,D11,"") | F11: =RANK(C11,$C$2:$C$293) -> 171
A12: 77010000011 | B12: =INDEX('База данных'!$B$2:$B$624,MATCH(A12,'База данных'!$A$2:$A$624,0)) -> 1 | C12: =SUMIF('База данных'!$A$2:$A$624,A12,'База данных'!$D$2:$D$624) -> 8.52 | D12: =SUMIF('База данных'!$A$2:$A$624,A12,'База данных'!$E$2:$E$624) -> 20 | E12: =IF(B12=5,D12,"") | F12: =RANK(C12,$C$2:$C$293) -> 176
A13: 77010000012 | B13: =INDEX('База данных'!$B$2:$B$624,MATCH(A13,'База данных'!$A$2:$A$624,0)) -> 1 | C13: =SUMIF('База данных'!$A$2:$A$624,A13,'База данных'!$D$2:$D$624) -> 5.97 | D13: =SUMIF('База данных'!$A$2:$A$624,A13,'База данных'!$E$2:$E$624) -> 34 | E13: =IF(B13=5,D13,"") | F13: =RANK(C13,$C$2:$C$293) -> 223
... A293: 77010000313 | B293: =INDEX('База данных'!$B$2:$B$624,MATCH(A293,'База данных'!$A$2:$A$624,0)) -> 6 | C293: =SUMIF('База данных'!$A$2:$A$624,A293,'База данных'!$D$2:$D$624) -> 8.52 | D293: =SUMIF('База данных'!$A$2:$A$624,A293,'База данных'!$E$2:$E$624) -> 16 | E293: =IF(B293=5,D293,"") | F293: =RANK(C293,$C$2:$C$293) -> 176
